{"cameraMode":{"drawMode":0,"name":"Shaded","section":"Shading Mode"},"sceneLighting":false,"audioPlay":false,"sceneViewState":{"showFog":true,"showMaterialUpdate":false,"showSkybox":false,"showFlares":true,"showImageEffects":true,"showParticleSystems":true},"in2DMode":false,"pivot":{"x":-0.07191784679889679,"y":0.0028929412364959718,"z":-0.007059365510940552},"rotation":{"x":0.08684629201889038,"y":-0.08954248577356339,"z":0.007836553268134594,"w":0.9921664595603943},"size":0.24494898319244386,"orthographic":false}